City ID,City,Country,Date,Lat,Lng,Max Temp,Humidity,Cloudiness,Wind Speed
0,Clyde River,CA,2021-10-27 21:41:16,70.4692,-68.5914,32.23,93,75,0.0
1,Busselton,AU,2021-10-27 21:43:33,-33.65,115.3333,45.05,75,83,9.33
2,Kapaa,US,2021-10-27 21:43:33,22.0752,-159.319,82.38,77,20,5.01
3,Mataura,NZ,2021-10-27 21:43:33,-46.1927,168.8643,64.51,60,10,3.53
4,Arona,ES,2021-10-27 21:43:34,28.0996,-16.681,64.71,64,20,13.8
5,Punta Arenas,CL,2021-10-27 21:43:34,-53.15,-70.9167,55.51,44,0,37.98
6,Trincomalee,LK,2021-10-27 21:43:35,8.5711,81.2335,78.24,86,100,7.05
7,Hermanus,ZA,2021-10-27 21:43:35,-34.4187,19.2345,65.89,92,91,3.49
8,Laguna,US,2021-10-27 21:43:36,38.421,-121.4238,75.15,65,1,3.0
9,Jamestown,US,2021-10-27 21:43:36,42.097,-79.2353,55.04,71,1,8.05
10,Amga,RU,2021-10-27 21:43:37,60.8953,131.9608,24.48,85,100,6.67
11,Pisco,PE,2021-10-27 21:43:37,-13.7,-76.2167,68.05,64,0,19.57
12,Puerto Ayora,EC,2021-10-27 21:43:38,-0.7393,-90.3518,76.96,89,91,5.99
13,Boa Vista,BR,2021-10-27 21:38:49,2.8197,-60.6733,91.38,49,40,4.61
14,Harnosand,SE,2021-10-27 21:43:39,62.6323,17.9379,39.0,85,43,8.75
15,Torbay,CA,2021-10-27 21:43:39,47.6666,-52.7314,41.29,88,90,9.22
16,Upernavik,GL,2021-10-27 21:43:39,72.7868,-56.1549,22.14,79,75,4.21
17,Port Elizabeth,ZA,2021-10-27 21:43:40,-33.918,25.5701,64.69,94,75,19.57
18,Vila Franca Do Campo,PT,2021-10-27 21:43:40,37.7167,-25.4333,66.61,86,100,9.13
19,Kodiak,US,2021-10-27 21:43:41,57.79,-152.4072,44.11,45,1,9.22
20,Victoria,HK,2021-10-27 21:43:32,22.2855,114.1577,77.38,82,82,1.99
21,Nanortalik,GL,2021-10-27 21:43:41,60.1432,-45.2371,34.92,67,3,7.81
22,Vaini,TO,2021-10-27 21:43:42,-21.2,-175.2,78.96,83,40,10.36
23,Qaanaaq,GL,2021-10-27 21:43:42,77.484,-69.3632,20.88,94,100,11.23
24,Atar,MR,2021-10-27 21:43:43,20.5169,-13.0499,78.4,50,100,6.49
25,Cortez,US,2021-10-27 21:43:43,37.3489,-108.5859,56.68,45,20,17.27
26,Sanchez,DO,2021-10-27 21:43:43,19.2281,-69.6137,87.58,70,20,4.61
27,Georgetown,MY,2021-10-27 21:43:44,5.4112,100.3354,80.89,92,40,1.99
28,Faanui,PF,2021-10-27 21:43:44,-16.4833,-151.75,79.25,79,58,6.55
29,Panaba,MX,2021-10-27 21:43:45,21.2833,-88.2667,89.91,54,55,13.87
30,Geraldton,AU,2021-10-27 21:43:45,-28.7667,114.6,54.01,87,90,5.75
31,Giddalur,IN,2021-10-27 21:43:46,15.35,78.9167,70.63,65,45,3.33
32,Lata,PT,2021-10-27 21:43:46,40.1629,-8.3327,55.06,62,0,1.59
33,Loukhi,RU,2021-10-27 21:43:46,66.0764,33.0381,16.81,96,100,3.2
34,Pevek,RU,2021-10-27 21:43:47,69.7008,170.3133,9.19,92,100,11.25
35,Aksha,RU,2021-10-27 21:43:47,50.2814,113.2867,33.57,66,8,2.37
36,Katobu,ID,2021-10-27 21:43:48,-4.9408,122.5276,76.82,89,46,2.66
37,Kasempa,ZM,2021-10-27 21:43:48,-13.4584,25.8338,75.06,44,35,12.17
38,Sobolevo,RU,2021-10-27 21:43:48,54.4299,31.8996,43.5,90,97,14.72
39,Berlevag,NO,2021-10-27 21:43:49,70.8578,29.0864,30.15,86,90,13.8
40,Bluff,NZ,2021-10-27 21:43:49,-46.6,168.3333,57.6,70,8,5.44
41,Necochea,AR,2021-10-27 21:43:50,-38.5473,-58.7368,70.3,74,0,10.78
42,Talcahuano,CL,2021-10-27 21:40:15,-36.7167,-73.1167,64.08,63,0,14.97
43,Vao,NC,2021-10-27 21:43:51,-22.6667,167.4833,72.39,86,6,14.2
44,Bethel,US,2021-10-27 21:43:51,41.3712,-73.414,56.48,81,75,1.01
45,Ugoofaaru,MV,2021-10-27 21:43:51,5.6667,73.0,80.91,76,98,6.26
46,Wairoa,NZ,2021-10-27 21:43:52,-39.0333,177.3667,62.55,91,100,3.0
47,Tobermory,CA,2021-10-27 21:43:52,45.2501,-81.6665,54.3,70,79,13.96
48,Thompson,CA,2021-10-27 21:40:38,55.7435,-97.8558,41.16,100,90,4.61
49,Tiksi,RU,2021-10-27 21:43:53,71.6872,128.8694,3.88,99,80,4.52
50,Chapais,CA,2021-10-27 21:43:54,49.7834,-74.8492,46.18,65,100,5.19
51,Petropavlovsk-Kamchatskiy,RU,2021-10-27 21:43:54,53.0452,158.6483,27.19,100,0,4.47
52,Santa Maria,BR,2021-10-27 21:43:55,-29.6842,-53.8069,87.1,33,0,9.22
53,Mount Gambier,AU,2021-10-27 21:43:55,-37.8333,140.7667,55.31,94,90,13.8
54,Acari,PE,2021-10-27 21:43:56,-15.4311,-74.6158,74.21,58,58,7.45
55,Kaitangata,NZ,2021-10-27 21:43:56,-46.2817,169.8464,61.88,65,5,4.76
56,Tutoia,BR,2021-10-27 21:43:57,-2.7619,-42.2744,80.6,80,10,12.01
57,Rundu,NA,2021-10-27 21:43:57,-17.9333,19.7667,70.27,67,84,12.91
58,Lagos,NG,2021-10-27 21:43:57,6.5833,3.75,80.92,88,87,3.85
59,Sinnamary,GF,2021-10-27 21:43:58,5.3833,-52.95,78.91,84,30,9.17
60,Avarua,CK,2021-10-27 21:43:58,-21.2078,-159.775,77.05,65,75,11.5
61,Garissa,KE,2021-10-27 21:43:59,-0.4536,39.6401,76.17,79,55,15.68
62,Mendoza,AR,2021-10-27 21:42:28,-32.8908,-68.8272,89.13,31,40,11.5
63,New Norfolk,AU,2021-10-27 21:43:59,-42.7826,147.0587,63.88,52,13,1.01
64,Shizunai,JP,2021-10-27 21:44:00,42.3339,142.3669,55.71,82,26,15.35
65,Norman Wells,CA,2021-10-27 21:44:00,65.282,-126.8329,23.04,86,90,4.61
66,Xichang,CN,2021-10-27 21:44:01,27.8964,102.2634,55.92,85,92,2.59
67,Sitka,US,2021-10-27 21:44:01,57.0531,-135.33,46.29,76,90,14.97
68,Yellowknife,CA,2021-10-27 21:44:02,62.456,-114.3525,40.41,99,75,8.05
69,Chokurdakh,RU,2021-10-27 21:44:02,70.6333,147.9167,3.07,91,100,4.81
70,Hilo,US,2021-10-27 21:44:03,19.7297,-155.09,82.13,67,1,9.22
71,Christchurch,NZ,2021-10-27 21:39:08,-43.5333,172.6333,58.95,83,90,1.01
72,Porto Novo,BJ,2021-10-27 21:44:04,6.4965,2.6036,82.22,83,61,5.19
73,Ushuaia,AR,2021-10-27 21:43:30,-54.8,-68.3,49.66,57,20,25.32
74,Mayo,US,2021-10-27 21:44:04,38.8876,-76.5119,70.14,64,1,4.0
75,Muli,MV,2021-10-27 21:44:05,2.9167,73.5667,81.1,77,94,7.31
76,Rikitea,PF,2021-10-27 21:44:05,-23.1203,-134.9692,74.05,78,22,6.64
77,Mar Del Plata,AR,2021-10-27 21:39:58,-38.0023,-57.5575,71.62,86,0,5.99
78,Coahuayana,MX,2021-10-27 21:44:06,18.7333,-103.6833,85.53,67,93,5.88
79,Iracoubo,GF,2021-10-27 21:44:06,5.4802,-53.2011,79.27,84,15,10.0
80,Deputatskiy,RU,2021-10-27 21:44:07,69.3,139.9,1.18,98,100,2.35
81,Gazojak,TM,2021-10-27 21:44:07,41.1875,61.4036,39.79,93,100,7.4
82,Cap Malheureux,MU,2021-10-27 21:44:08,-19.9842,57.6142,72.46,73,9,1.99
83,Haines Junction,CA,2021-10-27 21:44:08,60.7522,-137.5108,30.15,74,99,0.0
84,De-Kastri,RU,2021-10-27 21:44:09,51.4667,140.7833,39.43,94,100,6.69
85,Ponta Delgada,PT,2021-10-27 21:44:09,37.7333,-25.6667,66.92,88,40,6.91
86,Roccastrada,IT,2021-10-27 21:44:09,43.0099,11.1665,55.89,77,90,6.26
87,Asau,RO,2021-10-27 21:44:10,46.4333,26.4,44.76,76,19,4.16
88,Hobart,AU,2021-10-27 21:44:10,-42.8794,147.3294,64.22,64,0,1.01
89,Valera,VE,2021-10-27 21:44:11,9.3178,-70.6036,74.46,94,100,3.47
90,Phangnga,TH,2021-10-27 21:44:11,8.4509,98.5298,77.04,95,86,3.53
91,Airai,TL,2021-10-27 21:44:12,-8.9266,125.4092,63.0,77,93,2.19
92,Linqiong,CN,2021-10-27 21:44:12,30.4159,103.4609,57.02,90,100,2.26
93,Ranong,TH,2021-10-27 21:44:13,9.9658,98.6348,76.91,89,98,3.18
94,Cherskiy,RU,2021-10-27 21:44:13,68.75,161.3,-18.06,97,7,5.53
95,Butaritari,KI,2021-10-27 21:44:13,3.0707,172.7902,80.73,76,100,9.46
96,Rogaska Slatina,SI,2021-10-27 21:44:14,46.2375,15.6397,45.0,93,8,1.05
97,Barrow,US,2021-10-27 21:44:14,71.2906,-156.7887,19.42,86,90,5.75
98,Mafinga,TZ,2021-10-27 21:44:15,-7.25,35.0667,72.23,49,18,3.6
99,Kahului,US,2021-10-27 21:44:15,20.8947,-156.47,84.22,64,20,19.57
100,Ribeira Grande,PT,2021-10-27 21:44:16,38.5167,-28.7,64.8,88,40,14.97
101,Atuona,PF,2021-10-27 21:44:16,-9.8,-139.0333,77.58,69,9,14.25
102,Carnarvon,AU,2021-10-27 21:44:17,-24.8667,113.6333,59.07,58,40,10.36
103,Przhevalskoye,RU,2021-10-27 21:44:17,55.5093,31.8482,43.97,93,100,13.06
104,Barmer,IN,2021-10-27 21:44:18,25.75,71.3833,74.16,28,0,4.45
105,Ayagoz,KZ,2021-10-27 21:44:18,47.9714,80.4392,34.77,93,97,8.57
106,Ancud,CL,2021-10-27 21:44:19,-41.8697,-73.8203,61.43,82,1,9.01
107,Chuy,UY,2021-10-27 21:44:19,-33.6971,-53.4616,68.18,73,0,6.06
108,Dali,CN,2021-10-27 21:44:20,25.7,100.1833,53.74,92,44,3.4
109,Kayerkan,RU,2021-10-27 21:44:20,69.3497,87.7602,-6.27,99,100,4.97
110,Pedernales,DO,2021-10-27 21:44:21,18.0384,-71.744,83.59,71,92,9.22
111,Beloha,MG,2021-10-27 21:44:21,-25.1667,45.05,67.53,76,91,14.99
112,Sandwick,GB,2021-10-27 21:44:21,60.0,-1.25,51.62,93,20,8.05
113,Mana,GF,2021-10-27 21:44:22,5.6592,-53.7767,79.48,86,24,10.6
114,Avera,US,2021-10-27 21:44:22,33.194,-82.5271,73.44,37,8,2.46
115,Gat,IL,2021-10-27 21:44:23,31.61,34.7642,68.81,61,0,5.99
116,Hithadhoo,MV,2021-10-27 21:44:23,-0.6,73.0833,80.85,77,27,15.48
117,Gore,NZ,2021-10-27 21:44:23,-46.1028,168.9436,64.0,63,13,3.02
118,Hami,CN,2021-10-27 21:44:24,42.8,93.45,47.01,36,1,2.95
119,Namibe,AO,2021-10-27 21:44:24,-15.1961,12.1522,65.55,76,29,9.82
120,Popondetta,PG,2021-10-27 21:44:25,-8.7537,148.2534,84.25,61,54,0.09
121,Tuktoyaktuk,CA,2021-10-27 21:44:25,69.4541,-133.0374,30.2,93,90,6.91
122,Albany,US,2021-10-27 21:41:57,42.6001,-73.9662,55.99,70,98,5.97
123,Pyapon,MM,2021-10-27 21:44:26,16.2833,95.6833,75.4,89,100,3.85
124,Soe,ID,2021-10-27 21:44:26,-9.8607,124.284,69.6,84,100,3.33
125,Vardo,NO,2021-10-27 21:44:27,70.3705,31.1107,26.8,53,100,14.85
126,Sabang,ID,2021-10-27 21:44:27,5.8933,95.3214,79.41,82,100,8.1
127,Bentong,MY,2021-10-27 21:44:28,3.5181,101.9079,76.05,96,58,0.29
128,Khatanga,RU,2021-10-27 21:44:28,71.9667,102.5,3.76,94,100,11.86
129,Itoman,JP,2021-10-27 21:44:28,26.1247,127.6694,73.42,64,75,10.36
130,Crotone,IT,2021-10-27 21:44:29,39.0851,17.1178,59.09,77,58,14.05
131,Tarkwa,GH,2021-10-27 21:44:29,5.3064,-1.9847,74.26,93,15,2.8
132,Santiago,CL,2021-10-27 21:42:30,-33.4569,-70.6483,82.85,29,0,8.05
133,Tuatapere,NZ,2021-10-27 21:44:30,-46.1333,167.6833,63.07,64,6,1.92
134,Yar-Sale,RU,2021-10-27 21:44:30,66.8333,70.8333,12.65,92,62,6.78
135,Batemans Bay,AU,2021-10-27 21:44:31,-35.7167,150.1833,69.33,36,50,1.52
136,Marsa Matruh,EG,2021-10-27 21:44:31,31.3525,27.2453,71.8,88,0,9.22
137,Tigil,RU,2021-10-27 21:44:31,57.8,158.6667,30.02,97,100,2.73
138,Dikson,RU,2021-10-27 21:44:32,73.5069,80.5464,5.86,93,50,4.52
139,Aksarka,RU,2021-10-27 21:44:32,66.5606,67.7975,13.44,92,100,5.61
140,Matara,LK,2021-10-27 21:44:33,5.9485,80.5353,76.08,90,100,7.56
141,Paamiut,GL,2021-10-27 21:44:33,61.994,-49.6678,31.23,68,56,12.03
142,Tungor,RU,2021-10-27 21:44:34,53.3808,142.9564,39.94,90,71,9.82
143,Pemangkat,ID,2021-10-27 21:44:34,1.1667,108.9667,77.85,87,100,4.21
144,Kalmunai,LK,2021-10-27 21:44:34,7.4167,81.8167,77.88,84,100,6.82
145,East London,ZA,2021-10-27 21:44:35,-33.0153,27.9116,67.28,82,100,21.25
146,Luderitz,NA,2021-10-27 21:44:35,-26.6481,15.1594,65.62,62,100,4.63
147,Talas,TR,2021-10-27 21:44:36,38.6908,35.5538,45.27,49,75,0.0
148,Brae,GB,2021-10-27 21:44:36,60.3964,-1.353,51.71,83,42,7.54
149,Cape Town,ZA,2021-10-27 21:41:14,-33.9258,18.4232,66.11,81,40,13.8
150,Vestmannaeyjar,IS,2021-10-27 21:44:37,63.4427,-20.2734,43.36,72,63,12.5
151,Sigayevo,RU,2021-10-27 21:44:37,56.4216,53.7757,36.84,72,100,15.14
152,Ghanzi,BW,2021-10-27 21:44:38,-21.5667,21.7833,69.17,70,100,11.21
153,Severo-Kurilsk,RU,2021-10-27 21:44:38,50.6789,156.125,43.32,93,100,7.0
154,Bilma,NE,2021-10-27 21:44:39,18.6853,12.9164,81.68,16,1,4.65
155,Sosnovoborsk,RU,2021-10-27 21:44:39,56.1325,93.3589,29.75,61,100,6.62
156,Te Anau,NZ,2021-10-27 21:44:40,-45.4167,167.7167,57.76,73,63,1.72
157,Alyangula,AU,2021-10-27 21:44:40,-13.8483,136.4192,75.07,100,40,5.75
158,Huarmey,PE,2021-10-27 21:44:40,-10.0681,-78.1522,67.28,76,14,11.54
159,Pathein,MM,2021-10-27 21:44:41,16.7833,94.7333,74.71,91,76,2.95
160,Sioux Lookout,CA,2021-10-27 21:42:53,50.1001,-91.917,50.07,57,90,9.22
161,Saint-Pierre,RE,2021-10-27 21:44:41,-21.3393,55.4781,69.48,71,0,6.91
162,Grand Gaube,MU,2021-10-27 21:44:42,-20.0064,57.6608,72.37,73,8,1.99
163,Tecoanapa,MX,2021-10-27 21:44:42,16.5167,-98.75,84.45,73,38,7.85
164,Port Alfred,ZA,2021-10-27 21:44:43,-33.5906,26.891,67.1,82,100,32.91
165,Aquiraz,BR,2021-10-27 21:44:43,-3.9014,-38.3911,82.49,81,5,12.97
166,Mokrousovo,RU,2021-10-27 21:44:43,55.8103,66.7653,30.85,77,97,11.48
167,Debre Tabor,ET,2021-10-27 21:44:44,11.85,38.0167,50.99,75,48,3.6
168,Tromso,NO,2021-10-27 21:44:44,69.6496,18.957,35.62,60,20,14.97
169,Tasiilaq,GL,2021-10-27 21:44:45,65.6145,-37.6368,32.16,66,34,4.92
170,Nantucket,US,2021-10-27 21:43:38,41.2835,-70.0995,53.15,90,100,44.13
171,Dao,PH,2021-10-27 21:44:45,11.3937,122.6856,75.25,94,100,1.34
172,At-Bashi,KG,2021-10-27 21:44:46,41.1702,75.8106,33.17,63,99,3.29
173,Kavieng,PG,2021-10-27 21:44:46,-2.5744,150.7967,83.14,76,45,12.59
174,Manaquiri,BR,2021-10-27 21:44:47,-3.3167,-60.35,73.89,87,100,2.3
175,Opuwo,NA,2021-10-27 21:44:47,-18.0607,13.84,70.47,29,59,2.01
176,Tortoli,IT,2021-10-27 21:44:48,39.9256,9.6572,60.62,88,40,11.5
177,Nouadhibou,MR,2021-10-27 21:44:48,20.931,-17.0347,68.81,84,23,16.96
178,Najran,SA,2021-10-27 21:44:48,17.4924,44.1277,68.65,25,5,3.29
179,Pionerskiy,RU,2021-10-27 21:44:49,54.9508,20.2275,55.24,89,100,26.24
180,Jiwani,PK,2021-10-27 21:44:49,25.05,61.7417,77.88,63,0,3.24
181,Inuvik,CA,2021-10-27 21:44:50,68.3499,-133.7218,29.16,100,90,1.14
182,Torres,BR,2021-10-27 21:44:50,-29.3353,-49.7269,66.96,91,90,6.78
183,Sisimiut,GL,2021-10-27 21:44:50,66.9395,-53.6735,24.21,72,100,3.85
184,Bambous Virieux,MU,2021-10-27 21:44:51,-20.3428,57.7575,72.21,83,40,3.44
185,Samarai,PG,2021-10-27 21:44:51,-10.6167,150.6667,82.29,74,91,12.55
186,Erzin,TR,2021-10-27 21:44:52,36.9559,36.2,64.92,37,77,3.85
187,Linhares,BR,2021-10-27 21:43:47,-19.3911,-40.0722,72.23,85,63,4.07
188,Bonavista,CA,2021-10-27 21:44:53,48.6499,-53.1147,41.11,63,100,13.11
189,Leningradskiy,RU,2021-10-27 21:44:53,69.3833,178.4167,10.42,92,100,20.42
190,Los Llanos De Aridane,ES,2021-10-27 21:44:53,28.6585,-17.9182,65.95,74,0,5.01
191,Urusha,RU,2021-10-27 21:44:54,54.05,122.9,31.15,74,93,2.53
192,Northam,GB,2021-10-27 21:44:54,51.0333,-4.2167,60.1,84,88,23.49
193,Belaya Gora,RU,2021-10-27 21:44:55,68.5333,146.4167,-3.87,96,100,2.08
194,Katsuura,JP,2021-10-27 21:44:55,35.1333,140.3,60.19,86,100,6.91
195,Okha,RU,2021-10-27 21:44:56,53.5739,142.9478,40.35,90,74,10.78
196,Isangel,VU,2021-10-27 21:44:56,-19.55,169.2667,79.7,77,100,4.12
197,Chumikan,RU,2021-10-27 21:44:56,54.7183,135.315,30.61,89,11,11.01
198,Khani,GE,2021-10-27 21:44:57,41.9563,42.9566,36.97,55,0,4.07
199,Sanmenxia,CN,2021-10-27 21:44:57,34.7747,111.1814,55.72,61,100,1.68
200,Bandundu,CD,2021-10-27 21:44:58,-3.3167,17.3667,70.23,96,82,2.95
201,La Argentina,CO,2021-10-27 21:44:58,2.1961,-75.98,66.31,87,99,1.32
202,Halifax,CA,2021-10-27 21:44:55,44.6453,-63.5724,49.33,90,90,5.01
203,Arraial Do Cabo,BR,2021-10-27 21:44:59,-22.9661,-42.0278,75.16,88,75,11.5
204,Berdigestyakh,RU,2021-10-27 21:44:59,62.0989,126.6992,25.36,95,100,8.72
205,Lebu,CL,2021-10-27 21:45:00,-37.6167,-73.65,55.62,79,53,12.88
206,Paciran,ID,2021-10-27 21:45:00,-6.8767,112.3761,79.66,84,96,5.79
207,Saint-Joseph,RE,2021-10-27 21:45:01,-21.3667,55.6167,68.38,79,17,6.11
208,Moerai,PF,2021-10-27 21:45:01,-22.4333,-151.3333,71.01,86,100,23.02
209,Havelock,US,2021-10-27 21:45:02,34.8791,-76.9013,69.78,67,2,5.01
210,Camocim,BR,2021-10-27 21:45:03,-2.9022,-40.8411,80.87,73,35,15.01
211,Hasaki,JP,2021-10-27 21:45:04,35.7333,140.8333,57.6,80,100,6.31
212,Sao Felix Do Xingu,BR,2021-10-27 21:43:26,-6.6447,-51.995,77.81,76,85,1.39
213,Sistranda,NO,2021-10-27 21:45:05,63.7256,8.834,53.91,72,100,21.07
214,Saint-Philippe,RE,2021-10-27 21:45:06,-21.3585,55.7679,69.39,79,34,8.97
215,Leh,IN,2021-10-27 21:45:07,34.1667,77.5833,23.47,62,2,4.52
216,Bengkulu,ID,2021-10-27 21:45:08,-3.8004,102.2655,76.69,83,100,3.67
217,Dunedin,NZ,2021-10-27 21:45:08,-45.8742,170.5036,59.81,76,20,5.99
218,San Patricio,US,2021-10-27 21:45:09,28.017,-97.5169,90.01,17,0,23.4
219,Chyhyryn,UA,2021-10-27 21:45:09,49.0838,32.6555,43.95,72,37,6.17
220,Nayoro,JP,2021-10-27 21:45:09,44.3506,142.4578,47.73,97,63,4.63
221,Lagoa,PT,2021-10-27 21:45:10,39.05,-27.9833,67.05,71,94,21.72
222,Douentza,ML,2021-10-27 21:45:10,14.9951,-2.9517,89.1,19,19,4.05
223,Itarema,BR,2021-10-27 21:45:11,-2.9248,-39.9167,80.13,79,47,14.74
224,Hofn,IS,2021-10-27 21:45:11,64.2539,-15.2082,40.98,66,31,9.84
225,Owensboro,US,2021-10-27 21:45:12,37.7742,-87.1133,64.63,36,1,9.22
226,Kloulklubed,PW,2021-10-27 21:45:12,7.0419,134.2556,84.15,68,67,8.5
227,Narrabri,AU,2021-10-27 21:45:13,-30.3167,149.7833,69.89,52,19,0.0
228,Vostok,RU,2021-10-27 21:45:13,46.4856,135.8833,32.22,97,100,3.42
229,Mackenzie,CA,2021-10-27 21:45:13,55.2999,-123.1698,44.82,65,90,12.66
230,Kamwenge,UG,2021-10-27 21:45:14,0.1866,30.4539,61.61,95,47,1.21
231,Saint George,US,2021-10-27 21:41:01,37.1041,-113.5841,70.63,32,1,1.01
232,Ilulissat,GL,2021-10-27 21:45:14,69.2167,-51.1,17.62,62,75,3.44
233,Alta Floresta,BR,2021-10-27 21:45:15,-9.8756,-56.0861,74.91,92,61,1.32
234,Kruisfontein,ZA,2021-10-27 21:45:15,-34.0033,24.7314,64.18,85,100,5.28
235,Ostrovnoy,RU,2021-10-27 21:45:16,68.0531,39.5131,31.62,66,99,16.08
236,Sibut,CF,2021-10-27 21:45:16,5.718,19.0739,72.39,92,62,1.07
237,Saskylakh,RU,2021-10-27 21:45:17,71.9167,114.0833,-7.35,100,100,2.95
238,Omsukchan,RU,2021-10-27 21:45:17,62.5333,155.8,1.85,98,99,5.59
239,Fort Nelson,CA,2021-10-27 21:45:18,58.8053,-122.7002,31.59,93,90,3.44
240,Cidreira,BR,2021-10-27 21:45:18,-30.1811,-50.2056,69.03,82,0,10.67
241,Bredasdorp,ZA,2021-10-27 21:45:18,-34.5322,20.0403,65.28,97,87,4.99
242,Katherine,AU,2021-10-27 21:45:19,-14.4667,132.2667,75.52,100,0,3.44
243,Klaksvik,FO,2021-10-27 21:45:19,62.2266,-6.589,45.52,90,100,27.0
244,Provideniya,RU,2021-10-27 21:45:20,64.3833,-173.3,19.51,68,90,6.71
245,Iwanai,JP,2021-10-27 21:45:20,42.9744,140.5089,49.75,79,70,9.1
246,Darnah,LY,2021-10-27 21:45:21,32.767,22.6367,70.59,77,54,7.11
247,Japura,ID,2021-10-27 21:45:21,-0.3167,102.35,73.71,97,82,1.66
248,Nanning,CN,2021-10-27 21:45:22,22.8167,108.3167,72.05,71,98,2.28
249,Miri,MY,2021-10-27 21:45:22,4.4148,114.0089,77.14,94,40,4.61
250,Margate,GB,2021-10-27 21:45:04,51.3813,1.3862,56.91,84,85,4.0
251,Miram Shah,PK,2021-10-27 21:45:23,33.0086,70.0697,62.94,45,0,4.88
252,Middleton,GB,2021-10-27 21:45:23,53.55,-2.2,61.92,77,99,17.09
253,Mamou,GN,2021-10-27 21:45:24,10.5,-12.0,70.16,92,53,0.56
254,Maragogi,BR,2021-10-27 21:43:49,-9.0122,-35.2225,76.95,82,47,11.16
255,Praia Da Vitoria,PT,2021-10-27 21:45:24,38.7333,-27.0667,66.76,77,40,9.6
256,Nuuk,GL,2021-10-27 21:45:25,64.1835,-51.7216,30.81,64,20,5.75
257,Pandan,PH,2021-10-27 21:45:25,14.0453,124.1694,79.66,83,58,9.66
258,Sauce,UY,2021-10-27 21:45:26,-34.6469,-56.0628,87.73,54,0,5.46
259,Maldonado,UY,2021-10-27 21:45:26,-34.6667,-54.9167,83.59,76,0,4.88
260,Sur,OM,2021-10-27 21:45:27,22.5667,59.5289,77.59,68,11,8.5
261,Kamina,CD,2021-10-27 21:45:27,-8.7386,24.9906,66.27,89,61,10.36
262,Eidsvoll,NO,2021-10-27 21:45:28,60.3305,11.2616,49.71,92,0,1.01
263,Andenes,NO,2021-10-27 21:45:28,69.3143,16.1194,37.38,75,20,24.16
264,Okhotsk,RU,2021-10-27 21:45:29,59.3833,143.3,18.82,85,77,6.62
265,Puke,AL,2021-10-27 21:45:29,42.0444,19.8997,39.29,71,7,9.64
266,Shimoda,JP,2021-10-27 21:45:29,34.6667,138.95,57.11,78,94,8.23
267,Trunovskoye,RU,2021-10-27 21:45:30,45.4878,42.1358,35.1,66,0,7.63
268,Devils Lake,US,2021-10-27 21:45:30,48.1128,-98.8651,48.31,89,75,1.99
269,Loding,NO,2021-10-27 21:45:31,67.3,14.75,35.55,92,75,10.0
270,Kharp,RU,2021-10-27 21:45:31,66.8014,65.8081,9.82,95,100,2.71
271,Egvekinot,RU,2021-10-27 21:45:32,66.3167,-179.1667,2.5,89,97,3.94
272,Carutapera,BR,2021-10-27 21:45:32,-1.195,-46.02,79.63,77,75,7.31
273,Porto Torres,IT,2021-10-27 21:45:33,40.835,8.3972,59.18,80,100,8.81
274,Wajima,JP,2021-10-27 21:45:33,37.4,136.9,60.1,66,30,10.07
275,Ystad,SE,2021-10-27 21:45:34,55.4297,13.8204,57.34,92,100,20.69
276,Narsaq,GL,2021-10-27 21:45:34,60.9167,-46.05,32.22,65,18,7.36
277,Fortuna,US,2021-10-27 21:45:35,40.5982,-124.1573,70.36,64,1,1.99
278,Chincha Alta,PE,2021-10-27 21:45:35,-13.4099,-76.1323,66.79,71,25,5.3
279,Suntar,RU,2021-10-27 21:45:36,62.1444,117.6319,28.44,68,39,12.84
280,Souillac,MU,2021-10-27 21:45:36,-20.5167,57.5167,72.36,83,40,3.44
281,Natchitoches,US,2021-10-27 21:45:36,31.7668,-93.1335,72.28,94,90,6.91
282,Pimentel,PE,2021-10-27 21:45:37,-6.8367,-79.9342,68.29,64,0,20.71
283,Vicuna,CL,2021-10-27 21:45:37,-30.0319,-70.7081,84.78,38,10,6.42
284,Yulara,AU,2021-10-27 21:45:38,-25.2406,130.9889,69.64,32,87,4.61
285,Esperance,AU,2021-10-27 21:45:38,-33.8667,121.9,51.64,66,86,24.07
286,Praia,CV,2021-10-27 21:45:39,14.9215,-23.5087,79.34,78,40,19.57
287,Borovskoy,KZ,2021-10-27 21:45:39,53.8,64.15,32.86,70,92,14.58
288,Tual,ID,2021-10-27 21:45:39,-5.6667,132.75,83.73,77,63,11.27
289,Leshukonskoye,RU,2021-10-27 21:45:40,64.8989,45.7622,24.15,93,100,9.15
290,Netivot,IL,2021-10-27 21:45:41,31.4222,34.5886,68.61,63,0,6.4
291,Aklavik,CA,2021-10-27 21:45:41,68.2191,-135.0107,29.12,91,97,2.15
292,Daru,PG,2021-10-27 21:45:42,-9.0763,143.2092,82.24,77,98,14.47
293,Adrar,MR,2021-10-27 21:45:42,20.5022,-10.0711,72.01,49,39,11.86
294,Taltal,CL,2021-10-27 21:45:43,-25.4,-70.4833,65.7,67,23,7.99
295,Kuliyapitiya,LK,2021-10-27 21:45:43,7.4688,80.0401,73.08,93,100,1.3
296,Sale,MA,2021-10-27 21:44:18,34.0389,-6.8166,64.63,100,40,0.0
297,Salalah,OM,2021-10-27 21:45:44,17.0151,54.0924,75.29,57,0,3.44
298,Tres Arroyos,AR,2021-10-27 21:45:44,-38.3739,-60.2798,83.43,34,2,12.24
299,Panormos,GR,2021-10-27 21:45:44,35.4182,24.6909,63.01,87,100,4.76
300,Santa Cruz,BO,2021-10-27 21:45:04,-17.8,-63.1667,91.45,46,20,8.05
301,Mahajanga,MG,2021-10-27 21:45:45,-15.7167,46.3167,80.62,78,40,8.05
302,Longyearbyen,SJ,2021-10-27 21:41:24,78.2186,15.6401,22.84,68,75,10.36
303,San Cristobal,VE,2021-10-27 21:45:46,7.7669,-72.225,75.38,91,100,3.27
304,Sao Filipe,CV,2021-10-27 21:45:46,14.8961,-24.4956,79.11,77,92,9.73
305,Benicarlo,ES,2021-10-27 21:45:46,40.4165,0.4271,59.9,76,100,3.58
306,Reshetylivka,UA,2021-10-27 21:45:47,49.565,34.0782,44.82,72,86,5.48
307,Cairns,AU,2021-10-27 21:44:58,-16.9167,145.7667,80.55,74,40,9.22
308,Humberto De Campos,BR,2021-10-27 21:45:47,-2.5983,-43.4611,78.93,81,12,4.14
309,Maniitsoq,GL,2021-10-27 21:45:48,65.4167,-52.9,31.33,50,98,6.71
310,Terra Santa,BR,2021-10-27 21:45:48,-2.1042,-56.4869,79.03,80,100,2.53
311,Petrolina,BR,2021-10-27 21:43:26,-9.3986,-40.5008,89.65,33,20,10.36
312,Kropotkin,RU,2021-10-27 21:45:49,45.4375,40.5756,41.76,68,0,2.1
313,Half Moon Bay,US,2021-10-27 21:45:49,37.4636,-122.4286,76.41,74,1,13.8
314,Kargasok,RU,2021-10-27 21:45:50,59.0556,80.8572,23.43,96,10,6.91
315,Meulaboh,ID,2021-10-27 21:45:50,4.1363,96.1285,74.95,89,100,3.53
316,Askiz,RU,2021-10-27 21:45:51,53.1319,90.5264,32.56,77,100,4.18
317,Gizo,SB,2021-10-27 21:45:51,-8.103,156.8419,83.44,73,22,8.41
318,Verkhniy Avzyan,RU,2021-10-27 21:45:51,53.5289,57.5372,30.79,73,100,7.81
319,Bardiyah,LY,2021-10-27 21:45:52,31.7561,25.0865,71.2,88,71,6.89
320,Havoysund,NO,2021-10-27 21:45:52,70.9963,24.6622,29.28,70,19,21.97
321,Richards Bay,ZA,2021-10-27 21:45:53,-28.783,32.0377,66.13,82,100,5.66
322,Ibra,OM,2021-10-27 21:45:53,22.6906,58.5334,73.94,71,48,5.91
323,Vila Velha,BR,2021-10-27 21:42:37,-20.3297,-40.2925,76.95,83,75,11.5
324,Ferkessedougou,CI,2021-10-27 21:45:54,9.6,-5.2,79.74,67,100,5.41
325,Codajas,BR,2021-10-27 21:45:54,-3.8367,-62.0569,75.25,96,96,2.91
326,Lufilufi,WS,2021-10-27 21:45:55,-13.8745,-171.5986,79.79,80,56,19.64
327,Kutum,SD,2021-10-27 21:45:55,14.2,24.6667,73.31,17,5,11.54
328,Bagamoyo,TZ,2021-10-27 21:45:56,-6.4333,38.9,76.98,86,22,1.45
329,Grindavik,IS,2021-10-27 21:45:56,63.8424,-22.4338,39.67,81,0,9.22
330,Luwuk,ID,2021-10-27 21:45:57,-0.9516,122.7875,78.31,82,5,0.85
331,Cordoba,AR,2021-10-27 21:42:27,-31.4135,-64.1811,90.45,15,0,21.85
332,Nome,US,2021-10-27 21:45:57,64.5011,-165.4064,22.15,68,40,0.0
333,Lukaya,UG,2021-10-27 21:45:58,-0.1489,31.8748,71.65,79,66,3.36
334,Tabou,CI,2021-10-27 21:45:58,4.423,-7.3528,77.81,87,73,7.11
335,Flinders,AU,2021-10-27 21:45:59,-34.5833,150.8552,66.38,89,71,0.96
336,Ballitoville,ZA,2021-10-27 21:45:59,-29.539,31.2144,66.34,77,90,4.61
337,Shirgaon,IN,2021-10-27 21:45:59,19.7,72.7,76.55,57,4,9.62
338,Dingle,PH,2021-10-27 21:46:00,10.9995,122.6711,74.98,94,99,6.06
339,Providencia,MX,2021-10-27 21:46:00,28.7167,-111.5833,89.47,15,0,5.01
340,Weligama,LK,2021-10-27 21:46:01,5.9667,80.4167,76.53,89,100,7.67
341,Iralaya,HN,2021-10-27 21:46:01,15.0,-83.2333,87.89,74,99,7.16
342,Les Cayes,HT,2021-10-27 21:46:02,18.2,-73.75,81.61,75,53,6.89
343,Turukhansk,RU,2021-10-27 21:46:03,65.8167,87.9833,10.54,93,100,10.04
344,Prince Rupert,CA,2021-10-27 21:45:24,54.3161,-130.3201,49.69,66,95,17.27
345,Verdun,FR,2021-10-27 21:46:03,49.25,5.3333,50.36,92,12,4.5
346,Aligudarz,IR,2021-10-27 21:46:04,33.4006,49.6949,43.5,46,2,2.21
347,Hualmay,PE,2021-10-27 21:46:04,-11.0964,-77.6139,66.85,75,35,10.8
348,Castro,BR,2021-10-27 21:46:05,-24.7911,-50.0119,62.91,97,100,7.02
349,Batticaloa,LK,2021-10-27 21:46:05,7.7102,81.6924,78.24,85,100,8.41
350,Saint-Francois,FR,2021-10-27 21:46:05,46.4154,3.9054,42.48,99,90,2.3
351,Dudinka,RU,2021-10-27 21:46:06,69.4058,86.1778,-9.69,99,86,5.46
352,San Quintin,MX,2021-10-27 21:46:06,30.4833,-115.95,72.1,46,0,9.42
353,Komsomolskiy,UZ,2021-10-27 21:46:07,40.4272,71.7189,50.72,53,100,2.3
354,Catamarca,AR,2021-10-27 21:46:07,-28.4696,-65.7852,92.77,22,16,7.0
355,Codrington,AU,2021-10-27 21:46:08,-38.2667,141.9667,57.06,88,97,9.22
356,Whitehorse,CA,2021-10-27 21:41:15,60.7161,-135.0538,36.37,80,75,10.0
357,Dagana,MR,2021-10-27 21:46:08,16.5165,-15.5068,93.18,29,54,13.31
358,Vestmanna,FO,2021-10-27 21:46:09,62.1564,-7.1664,43.72,100,90,9.22
359,Mahebourg,MU,2021-10-27 21:46:09,-20.4081,57.7,72.25,83,40,3.44
360,Gao,ML,2021-10-27 21:46:10,16.6362,1.637,85.6,13,5,10.22
361,Oxbow,CA,2021-10-27 21:46:10,49.2333,-102.1676,57.15,61,75,7.78
362,Abu Dhabi,AE,2021-10-27 21:46:10,24.4667,54.3667,82.42,61,0,2.3
363,Itupeva,BR,2021-10-27 21:46:11,-23.1531,-47.0578,72.05,100,90,8.05
364,Thinadhoo,MV,2021-10-27 21:46:12,0.5333,72.9333,82.2,75,89,13.8
365,Keti Bandar,PK,2021-10-27 21:46:12,24.1447,67.4497,78.51,57,0,7.87
366,Changji,CN,2021-10-27 21:46:12,44.0167,87.3167,45.39,49,0,6.71
367,Long Branch,US,2021-10-27 21:46:13,40.3043,-73.9924,63.16,72,90,8.99
368,Touros,BR,2021-10-27 21:46:13,-5.1989,-35.4608,81.5,76,4,16.75
369,George Town,MY,2021-10-27 21:45:45,5.4112,100.3354,80.89,92,40,1.99
370,Ponta Do Sol,PT,2021-10-27 21:46:14,32.6667,-17.1,71.01,58,5,2.44
371,Kirakira,SB,2021-10-27 21:46:14,-10.4544,161.9205,83.32,77,91,7.63
372,Bikramganj,IN,2021-10-27 21:46:15,25.2,84.25,64.58,65,0,4.5
373,Alexandria,EG,2021-10-27 21:42:21,31.2156,29.9553,71.56,83,0,11.5
374,Jinxi,CN,2021-10-27 21:46:16,30.4323,116.2922,62.96,61,98,3.36
375,Eldoret,KE,2021-10-27 21:46:16,0.5204,35.2699,56.71,82,37,5.99
376,Karratha,AU,2021-10-27 21:46:17,-20.7377,116.8463,72.34,32,2,9.44
377,Cimarron Hills,US,2021-10-27 21:46:17,38.8586,-104.6989,58.05,28,20,23.02
378,Helena,US,2021-10-27 21:46:18,46.5927,-112.0361,52.41,40,90,11.99
379,Kochi,IN,2021-10-27 21:46:18,9.9399,76.2602,73.38,92,99,3.53
380,Svetlogorsk,BY,2021-10-27 21:46:18,52.6333,29.7333,46.51,80,94,12.93
381,Hirara,JP,2021-10-27 21:46:19,24.8,125.2833,70.07,73,40,6.91
382,Coihaique,CL,2021-10-27 21:46:19,-45.5752,-72.0662,58.95,47,75,10.36
383,Kon Tum,VN,2021-10-27 21:46:20,14.35,108.0,67.3,97,27,2.1
384,Jumla,NP,2021-10-27 21:46:20,29.2747,82.1838,41.94,65,1,4.05
385,Fairbanks,US,2021-10-27 21:42:02,64.8378,-147.7164,28.36,90,90,3.44
386,Anzio,IT,2021-10-27 21:46:21,41.4853,12.6179,60.44,73,72,4.52
387,Saint-Georges,GD,2021-10-27 21:46:21,12.0564,-61.7485,82.08,83,90,11.5
388,Huanren,CN,2021-10-27 21:46:22,41.2647,125.3667,37.94,72,0,2.98
389,Marsh Harbour,BS,2021-10-27 21:46:22,26.5412,-77.0636,80.17,62,10,14.09
390,Obera,AR,2021-10-27 21:46:22,-27.4871,-55.1199,71.01,65,0,4.07
391,Nikolskoye,RU,2021-10-27 21:46:23,59.7035,30.7861,46.87,93,100,8.68
392,Bako,ET,2021-10-27 21:46:23,5.7833,36.5667,66.42,70,46,3.78
393,Svetlyy,RU,2021-10-27 21:46:24,54.675,20.1347,55.45,86,100,17.54
394,North Augusta,US,2021-10-27 21:46:24,33.5018,-81.9651,72.72,41,1,4.61
395,Kavaratti,IN,2021-10-27 21:46:25,10.5669,72.642,80.38,78,100,5.32
396,Sampit,ID,2021-10-27 21:46:25,-2.5333,112.95,74.12,98,100,0.94
397,Douglas,US,2021-10-27 21:44:33,41.3,-96.167,55.22,95,90,1.01
398,Taoudenni,ML,2021-10-27 21:46:26,22.6783,-3.9836,85.91,14,94,17.92
399,Viareggio,IT,2021-10-27 21:46:26,43.8735,10.2558,58.53,58,93,5.88
400,Biak,ID,2021-10-27 21:46:26,-0.9131,122.8766,77.05,82,7,1.14
401,Hay River,CA,2021-10-27 21:46:27,60.8156,-115.7999,39.18,87,90,5.75
402,Balakhonovskoye,RU,2021-10-27 21:46:27,44.7767,41.7842,33.87,74,0,3.09
403,Jacareacanga,BR,2021-10-27 21:46:28,-6.2222,-57.7528,77.0,84,100,1.66
404,Oruro,BO,2021-10-27 21:46:28,-17.9833,-67.15,64.89,26,20,5.75
405,Saldanha,ZA,2021-10-27 21:46:29,-33.0117,17.9442,60.85,96,90,8.52
406,Tulun,RU,2021-10-27 21:46:29,54.5611,100.5792,30.45,66,100,5.66
407,Puertollano,ES,2021-10-27 21:42:14,38.6871,-4.1073,56.16,58,64,2.57
408,Dalbandin,PK,2021-10-27 21:46:30,28.8947,64.4101,63.63,15,0,4.99
409,Port-Cartier,CA,2021-10-27 21:46:30,50.0334,-66.8654,41.22,77,0,1.48
410,Ketchikan,US,2021-10-27 21:44:47,55.3422,-131.6461,45.07,81,90,6.91
411,Zwevegem,BE,2021-10-27 21:46:31,50.783,3.3767,52.66,93,37,1.01
412,Lompoc,US,2021-10-27 21:46:31,34.6391,-120.4579,83.12,47,1,16.11
413,Pundaguitan,PH,2021-10-27 21:46:32,6.3711,126.1689,81.93,74,96,2.84
414,Kysyl-Syr,RU,2021-10-27 21:46:32,63.8986,122.7617,31.17,89,100,8.55
415,Zhangye,CN,2021-10-27 21:46:33,38.9342,100.4517,40.5,48,7,4.72
416,Novo Aripuana,BR,2021-10-27 21:46:33,-5.1206,-60.3797,77.65,89,95,2.75
417,Grootfontein,NA,2021-10-27 21:46:34,-19.5667,18.1167,66.0,82,77,12.03
418,Hellvik,NO,2021-10-27 21:46:34,59.9156,5.781,56.77,92,100,10.0
419,Zhigansk,RU,2021-10-27 21:46:34,66.7697,123.3711,20.05,94,100,23.91
420,Omboue,GA,2021-10-27 21:46:35,-1.5746,9.2618,74.86,91,100,5.75
421,Artyom,AZ,2021-10-27 21:46:35,40.4723,50.333,50.14,66,100,15.43
422,Dhidhdhoo,MV,2021-10-27 21:46:36,6.8833,73.1,80.71,76,99,6.49
423,Tura,IN,2021-10-27 21:46:36,25.5198,90.2201,66.36,94,1,3.89
424,Rovaniemi,FI,2021-10-27 21:46:37,66.5,25.7167,27.81,93,90,12.66
425,Wadi Musa,JO,2021-10-27 21:46:37,30.3222,35.4793,59.2,41,0,2.62
426,Yarovoye,RU,2021-10-27 21:46:38,52.9273,78.58,29.23,52,95,7.11
427,Aland,IN,2021-10-27 21:46:38,17.5667,76.5667,67.33,67,100,8.79
428,San Lawrenz,MT,2021-10-27 21:46:39,36.0553,14.204,65.86,88,100,5.01
429,Alofi,NU,2021-10-27 21:46:39,-19.0595,-169.9187,80.49,61,40,19.57
430,Talaya,RU,2021-10-27 21:46:39,61.3833,152.75,-2.06,91,32,1.34
431,Bathsheba,BB,2021-10-27 21:46:40,13.2167,-59.5167,83.01,74,40,10.36
432,Lavrentiya,RU,2021-10-27 21:46:40,65.5833,-171.0,14.95,72,49,7.63
433,Gobabis,NA,2021-10-27 21:46:41,-22.45,18.9667,64.02,70,100,10.4
434,Natchez,US,2021-10-27 21:46:41,31.5604,-91.4032,71.26,91,90,6.91
435,Lorengau,PG,2021-10-27 21:46:42,-2.0226,147.2712,83.03,76,36,5.79
436,Juegang,CN,2021-10-27 21:46:42,32.3174,121.1855,59.92,63,74,7.4
437,Olafsvik,IS,2021-10-27 21:46:43,64.8945,-23.7142,39.47,93,100,27.6
438,Nador,MA,2021-10-27 21:46:43,35.174,-2.9287,66.45,77,20,9.22
439,Inhambane,MZ,2021-10-27 21:46:44,-23.865,35.3833,70.75,78,30,12.46
440,Abnub,EG,2021-10-27 21:46:44,27.2696,31.1511,73.62,26,0,1.97
441,Taksimo,RU,2021-10-27 21:46:45,56.3444,114.8794,27.9,82,98,2.21
442,Vallenar,CL,2021-10-27 21:46:45,-28.5708,-70.7581,78.73,27,4,6.29
443,Siva,EG,2021-10-27 21:46:45,29.2041,25.5195,73.94,37,29,8.57
444,Awbari,LY,2021-10-27 21:46:46,26.5921,12.7805,71.67,27,81,8.86
445,Ust-Omchug,RU,2021-10-27 21:46:46,61.15,149.6333,-0.89,94,29,1.32
446,Port Blair,IN,2021-10-27 21:46:47,11.6667,92.75,81.05,82,86,9.6
447,Garowe,SO,2021-10-27 21:46:47,8.4054,48.4845,74.41,74,1,11.25
448,Wewak,PG,2021-10-27 21:46:48,-3.5534,143.6268,81.84,79,47,3.6
449,Koumac,NC,2021-10-27 21:46:48,-20.5667,164.2833,79.07,70,8,6.67
450,Dracena,BR,2021-10-27 21:46:49,-21.4843,-51.535,75.22,82,89,6.82
451,Broager,DK,2021-10-27 21:46:49,54.8874,9.681,57.81,88,90,9.22
452,Talnakh,RU,2021-10-27 21:46:49,69.4865,88.3972,-4.86,99,96,8.21
453,Chiriqui Grande,PA,2021-10-27 21:46:50,8.95,-82.1167,84.07,82,100,2.33
454,Amurzet,RU,2021-10-27 21:46:50,47.6967,131.0981,35.17,86,1,11.1
455,Mount Isa,AU,2021-10-27 21:46:51,-20.7333,139.5,83.97,61,90,11.5
456,Mareeba,AU,2021-10-27 21:46:51,-17.0,145.4333,75.92,90,60,6.55
457,Birjand,IR,2021-10-27 21:46:52,32.8663,59.2211,48.67,29,0,6.91
458,Anadyr,RU,2021-10-27 21:46:52,64.75,177.4833,-8.9,83,20,5.99
459,Sakakah,SA,2021-10-27 21:46:52,29.9697,40.2064,71.17,30,28,4.09
460,Honiara,SB,2021-10-27 21:44:19,-9.4333,159.95,84.22,71,29,7.11
461,Portland,US,2021-10-27 21:46:53,45.5234,-122.6762,59.04,84,90,1.01
462,Tonj,SS,2021-10-27 21:42:38,7.2737,28.6822,76.1,67,3,1.03
463,Shakawe,BW,2021-10-27 21:46:54,-18.3667,21.85,72.54,66,98,8.46
464,Alice Springs,AU,2021-10-27 21:46:54,-23.7,133.8833,85.55,37,17,18.41
465,San Pietro Vernotico,IT,2021-10-27 21:46:55,40.4853,17.9997,62.24,72,20,11.5
466,Gravdal,NO,2021-10-27 21:46:55,68.1214,13.5031,37.26,98,100,20.83
467,Rincon,US,2021-10-27 21:46:56,32.296,-81.2354,72.05,55,20,4.61
468,Axim,GH,2021-10-27 21:46:56,4.8699,-2.2405,78.31,86,30,7.92
469,Manggar,ID,2021-10-27 21:46:57,-2.8833,108.2667,78.93,85,100,1.52
470,Camacha,PT,2021-10-27 21:46:57,33.0833,-16.3333,67.53,73,20,5.75
471,Bara,NG,2021-10-27 21:46:57,10.3744,10.7288,81.28,48,96,2.04
472,Quatre Cocos,MU,2021-10-27 21:46:58,-20.2078,57.7625,72.09,72,7,8.41
473,Teguise,ES,2021-10-27 21:46:58,29.0605,-13.564,66.42,73,20,10.36
474,Shihezi,CN,2021-10-27 21:46:59,44.3,86.0333,48.67,35,98,3.11
475,Boende,CD,2021-10-27 21:46:59,-0.2167,20.8667,70.81,99,99,2.28
476,Gryazovets,RU,2021-10-27 21:47:00,58.88,40.2525,40.5,91,100,10.25
477,Rudkobing,DK,2021-10-27 21:47:00,54.9364,10.7102,57.18,87,100,21.68
478,Terrace Bay,CA,2021-10-27 21:47:01,48.7834,-87.1,46.9,82,99,9.6
479,Bonthe,SL,2021-10-27 21:47:01,7.5264,-12.505,80.56,80,83,6.93
480,Ixtapa,MX,2021-10-27 21:46:49,20.7,-105.2,85.23,79,75,11.5
481,Preobrazheniye,RU,2021-10-27 21:47:02,42.9019,133.9064,44.35,76,47,8.99
482,Ahipara,NZ,2021-10-27 21:47:03,-35.1667,173.1667,66.49,71,97,6.53
483,Bandarbeyla,SO,2021-10-27 21:47:03,9.4942,50.8122,77.47,72,7,6.58
484,Ugra,RU,2021-10-27 21:47:04,54.7777,34.3267,41.38,90,96,9.89
485,Maceio,BR,2021-10-27 21:47:04,-9.6658,-35.7353,81.84,78,40,8.05
486,Nongan,CN,2021-10-27 21:47:05,44.382,125.1685,40.59,65,0,2.08
487,Balabac,PH,2021-10-27 21:47:05,7.9868,117.0645,82.36,77,100,14.79
488,El Burrion,MX,2021-10-27 21:47:05,25.5333,-108.4,90.05,50,0,4.0
489,Boquira,BR,2021-10-27 21:47:06,-12.8231,-42.7306,78.15,50,24,10.27
490,Bunia,CD,2021-10-27 21:47:06,1.5667,30.25,65.77,77,100,2.01
491,Novikovo,RU,2021-10-27 21:47:07,51.1537,37.8879,41.25,85,72,6.71
492,Turan,VN,2021-10-27 21:42:54,16.0678,108.2208,78.78,89,75,5.75
493,Cuamba,MZ,2021-10-27 21:42:18,-14.8031,36.5372,70.81,76,31,7.63
494,Lasa,IT,2021-10-27 21:47:08,46.6166,10.7002,41.88,47,1,2.21
495,Salina,US,2021-10-27 21:46:19,38.8403,-97.6114,55.18,93,90,15.01
496,Stephenville,US,2021-10-27 21:47:08,32.2207,-98.2023,70.14,40,1,21.85
497,Sao Gabriel Da Cachoeira,BR,2021-10-27 21:47:09,-0.1303,-67.0892,76.35,96,100,2.28
498,Nuevo Progreso,MX,2021-10-27 21:47:09,23.1667,-97.95,99.59,48,6,10.0
499,Palauig,PH,2021-10-27 21:47:10,15.435,119.9045,78.98,72,12,3.91
500,Hyeres,FR,2021-10-27 21:47:10,43.1167,6.1167,60.69,73,0,2.3
501,Oranjestad,AW,2021-10-27 21:47:11,12.524,-70.027,80.55,83,20,13.8
502,Charters Towers,AU,2021-10-27 21:47:11,-20.1,146.2667,78.93,59,3,16.93
503,Vieste,IT,2021-10-27 21:47:11,41.8825,16.175,54.1,66,32,10.96
504,Voznesenka,UA,2021-10-27 21:47:12,46.8717,35.4646,39.72,70,0,3.74
505,Lodwar,KE,2021-10-27 21:47:12,3.1191,35.5973,85.37,41,14,17.16
506,Cumberland,US,2021-10-27 21:47:13,35.0502,-78.8664,72.1,50,1,4.61
507,Balkhash,KZ,2021-10-27 21:47:13,46.844,74.9804,41.41,72,73,13.2
508,Rio Grande,BR,2021-10-27 21:46:41,-32.035,-52.0986,84.31,81,0,7.63
509,Husavik,IS,2021-10-27 21:47:14,66.0449,-17.3389,35.51,98,100,5.79
510,Kidal,ML,2021-10-27 21:47:14,18.4411,1.4078,86.58,14,22,9.01
511,Cayenne,GF,2021-10-27 21:47:15,4.9333,-52.3333,82.44,83,0,4.0
512,Vaasa,FI,2021-10-27 21:47:15,63.096,21.6158,41.29,100,0,4.61
513,Ventspils,LV,2021-10-27 21:47:16,57.3894,21.5606,53.53,100,90,16.11
514,Zaysan,KZ,2021-10-27 21:47:16,47.4667,84.8667,45.03,60,97,2.62
515,Bismarck,US,2021-10-27 21:47:01,46.8083,-100.7837,60.87,47,1,9.22
516,Lardos,GR,2021-10-27 21:47:17,36.0942,28.0157,64.94,72,100,3.56
517,Kailua,US,2021-10-27 21:44:34,21.4022,-157.7394,84.18,72,40,10.36
518,Langxiang,CN,2021-10-27 21:47:18,46.95,128.8833,30.0,96,9,3.36
519,Abashiri,JP,2021-10-27 21:47:18,44.0213,144.2697,47.95,86,37,10.83
520,Kaabong,UG,2021-10-27 21:47:18,3.4836,34.1492,70.07,57,20,11.1
521,Balclutha,NZ,2021-10-27 21:47:19,-46.2339,169.75,65.88,53,6,2.75
522,Waipawa,NZ,2021-10-27 21:47:19,-41.4122,175.5153,62.46,59,98,5.73
523,Katiola,CI,2021-10-27 21:47:20,8.1333,-5.1,75.72,80,100,3.83
524,Pacific Grove,US,2021-10-27 21:44:22,36.6177,-121.9166,78.62,70,1,4.0
525,Cabo San Lucas,MX,2021-10-27 21:47:20,22.8909,-109.9124,88.61,63,2,8.79
526,Paragominas,BR,2021-10-27 21:47:21,-2.9667,-47.4833,77.67,74,99,1.03
527,Jalingo,NG,2021-10-27 21:47:21,8.8833,11.3667,79.52,68,64,2.89
528,Palmer,US,2021-10-27 21:47:22,42.1584,-72.3287,54.63,81,90,8.05
529,Mehamn,NO,2021-10-27 21:47:22,71.0357,27.8492,30.11,69,58,13.62
530,Frolovo,RU,2021-10-27 21:47:23,49.7713,43.6622,34.57,57,0,8.61
531,Tautira,PF,2021-10-27 21:47:23,-17.7333,-149.15,84.22,80,10,12.08
532,Marrakesh,MA,2021-10-27 21:47:16,31.6315,-8.0083,69.87,52,40,5.75
533,Lhokseumawe,ID,2021-10-27 21:47:24,5.1801,97.1507,76.57,90,100,3.96
534,Satkhira,BD,2021-10-27 21:47:24,22.7167,89.1,80.6,83,42,7.0
535,Pochutla,MX,2021-10-27 21:47:24,15.7432,-96.4661,89.82,66,54,9.17
536,Broome,US,2021-10-27 21:47:25,42.2506,-75.833,54.01,78,1,4.0
537,Effingham,US,2021-10-27 21:47:25,32.3669,-81.3332,72.05,68,12,1.1
538,Mwinilunga,ZM,2021-10-27 21:47:26,-11.7358,24.4293,70.88,57,95,3.31
539,Qaqortoq,GL,2021-10-27 21:47:26,60.7167,-46.0333,32.5,72,9,5.99
540,Yerbogachen,RU,2021-10-27 21:47:27,61.2767,108.0108,21.51,72,100,16.82
541,Patitirion,GR,2021-10-27 21:47:27,39.15,23.8667,55.38,63,77,17.31
542,Kontagora,NG,2021-10-27 21:47:28,10.3999,5.4695,79.18,61,30,1.5
543,Srikakulam,IN,2021-10-27 21:47:28,18.3,83.9,74.43,84,3,7.07
544,Constitucion,CL,2021-10-27 21:47:29,-35.3333,-72.4167,60.24,74,20,13.71
545,North Bend,US,2021-10-27 21:47:29,43.4065,-124.2243,68.94,79,1,10.36
546,Port Lincoln,AU,2021-10-27 21:45:24,-34.7333,135.8667,59.22,86,68,14.99
547,Banjar,ID,2021-10-27 21:47:30,-8.19,114.9675,78.66,87,47,3.51
548,Orong,PH,2021-10-27 21:47:30,9.9375,122.8289,76.68,91,99,4.23
549,Port Hedland,AU,2021-10-27 21:47:30,-20.3167,118.5667,66.25,94,0,5.75
550,Kinablangan,PH,2021-10-27 21:47:31,7.6947,126.5503,77.45,85,87,3.69
551,Rorvik,NO,2021-10-27 21:47:31,64.8621,11.2373,51.28,84,100,28.34
552,Yoichi,JP,2021-10-27 21:47:32,43.2039,140.7703,53.22,75,60,10.96
553,Pottendorf,AT,2021-10-27 21:47:32,47.9,16.3833,50.27,84,46,4.23
554,Mahibadhoo,MV,2021-10-27 21:47:33,3.7833,72.9667,81.03,77,94,5.73
555,Izumo,JP,2021-10-27 21:47:33,35.3667,132.7667,49.95,100,90,1.14
556,Cacak,RS,2021-10-27 21:47:33,43.8914,20.3497,46.9,90,2,1.63
557,Oyama,JP,2021-10-27 21:47:34,36.3,139.8,60.58,76,76,1.99
558,Conakry,GN,2021-10-27 21:47:34,9.538,-13.6773,82.47,78,40,0.0
559,Ust-Tsilma,RU,2021-10-27 21:47:35,65.441,52.1498,27.09,97,100,3.98
560,Kaeo,NZ,2021-10-27 21:47:35,-35.1,173.7833,64.33,94,100,3.02
561,Buala,SB,2021-10-27 21:47:36,-8.145,159.5921,83.32,73,43,6.53
562,Mezen,RU,2021-10-27 21:47:36,65.8522,44.24,23.05,90,94,11.74
563,Yumen,CN,2021-10-27 21:47:36,40.2833,97.2,41.04,45,3,13.38
564,Coquimbo,CL,2021-10-27 21:47:37,-29.9533,-71.3436,60.53,77,20,12.66
565,Fontenay-Le-Comte,FR,2021-10-27 21:47:37,46.5833,-1.0,49.64,62,13,4.61
566,Tanout,NE,2021-10-27 21:47:38,14.9709,8.8879,85.46,12,6,10.31
567,Raudeberg,NO,2021-10-27 21:47:38,61.9875,5.1352,54.19,92,94,8.01
568,Ndago,TZ,2021-10-27 21:47:39,-4.6,34.35,69.71,49,38,12.57
569,Navalmoral De La Mata,ES,2021-10-27 21:47:39,39.8916,-5.5406,60.96,55,0,1.61
570,Erenhot,CN,2021-10-27 21:47:40,43.6475,111.9767,41.36,35,0,7.74
571,Seddon,AU,2021-10-27 21:47:40,-37.8068,144.8916,63.72,82,90,1.99
572,Diu,IN,2021-10-27 21:47:41,20.7141,70.9822,77.77,48,7,6.33
573,Darhan,MN,2021-10-27 21:47:41,49.4867,105.9228,36.59,55,56,2.06
574,Gulu,UG,2021-10-27 21:47:41,2.7746,32.299,66.16,85,63,1.14
575,Rodez,FR,2021-10-27 21:47:42,44.5,2.5833,49.68,81,0,2.3
